Product_ID,Product_Name,Category
1,Backpack,Accessories
2,Study Desk,Furniture
3,Office Chair,Furniture
4,File Organizer,Stationery
5,Notebook Pack,Stationery
6,Travel Bottle,Accessories
7,Wireless Mouse,Electronics
8,LED Table Lamp,Furniture
9,Premium Pen Set,Stationery
10,Mechanical Keyboard,Electronics
11,USB-C Cable,Accessories
12,Bluetooth Headphones,Electronics
13,Bookshelf,Furniture
14,Laptop Pro 14,Electronics
15,Smartphone X,Electronics
16,Office Chair,Electronics
17,Travel Bottle,Electronics
18,Mechanical Keyboard,Furniture
